<?xml version="1.0"?>
<Runs Version="1" Minor="0">
	<Run Id="uart_uart_top_sub_0_0_synth_1" LaunchDir="/media/jeffee/T7/vivado/Final/Final.runs/uart_uart_top_sub_0_0_synth_1" FlowId="Vivado_Synthesis" FromStepId="vivado" ToStepId="vivado"/>
	<Run Id="uart_Debounce_Switch_0_0_synth_1" LaunchDir="/media/jeffee/T7/vivado/Final/Final.runs/uart_Debounce_Switch_0_0_synth_1" FlowId="Vivado_Synthesis" FromStepId="vivado" ToStepId="vivado"/>
	<Run Id="synth_1" LaunchDir="/media/jeffee/T7/vivado/Final/Final.runs/synth_1" FlowId="Vivado_Synthesis" FromStepId="vivado" ToStepId="vivado">
		<Parent Id="uart_uart_top_sub_0_0_synth_1"/>
		<Parent Id="uart_Debounce_Switch_0_0_synth_1"/>
	</Run>
	<Run Id="impl_1" LaunchDir="/media/jeffee/T7/vivado/Final/Final.runs/impl_1" FlowId="Vivado_Implementation" FromStepId="init_design" ToStepId="write_bitstream">
		<Parent Id="synth_1"/>
		<Parent Id="uart_uart_top_sub_0_0_synth_1"/>
		<Parent Id="uart_Debounce_Switch_0_0_synth_1"/>
	</Run>
	<Parameters>
		<Parameter Name="runs.monitorLSFJobs" Val="true" Type="bool"/>
		<Parameter Name="runs.enableClusterConf" Val="true" Type="bool"/>
	</Parameters>
</Runs>

