<?xml version="1.0" encoding="UTF-8"?>
<GenRun Id="impl_1" LaunchPart="xc7z020clg400-1" LaunchTime="1683860187">
  <File Type="WBT-USG" Name="usage_statistics_webtalk.html"/>
  <File Type="RDI-RDI" Name="uart_wrapper.vdi"/>
  <File Type="BG-DRC" Name="uart_wrapper.drc"/>
  <File Type="BG-BGN" Name="uart_wrapper.bgn"/>
  <File Type="BITSTR-SYSDEF" Name="uart_wrapper.sysdef"/>
  <File Type="BITSTR-LTX" Name="debug_nets.ltx"/>
  <File Type="BITSTR-LTX" Name="uart_wrapper.ltx"/>
  <File Type="RBD_FILE" Name="uart_wrapper.rbd"/>
  <File Type="NPI_FILE" Name="uart_wrapper.npi"/>
  <File Type="RNPI_FILE" Name="uart_wrapper.rnpi"/>
  <File Type="CFI_FILE" Name="uart_wrapper.cfi"/>
  <File Type="RCFI_FILE" Name="uart_wrapper.rcfi"/>
  <File Type="PDI-FILE" Name="uart_wrapper.pdi"/>
  <File Type="BITSTR-MMI" Name="uart_wrapper.mmi"/>
  <File Type="BITSTR-BMM" Name="uart_wrapper_bd.bmm"/>
  <File Type="BITSTR-NKY" Name="uart_wrapper.nky"/>
  <File Type="BITSTR-RBT" Name="uart_wrapper.rbt"/>
  <File Type="BITSTR-MSK" Name="uart_wrapper.msk"/>
  <File Type="BG-BIN" Name="uart_wrapper.bin"/>
  <File Type="BG-BIT" Name="uart_wrapper.bit"/>
  <File Type="POSTROUTE-PHYSOPT-BUS-SKEW-RPX" Name="uart_wrapper_bus_skew_postroute_physopted.rpx"/>
  <File Type="POSTROUTE-PHYSOPT-BUS-SKEW-PB" Name="uart_wrapper_bus_skew_postroute_physopted.pb"/>
  <File Type="POSTROUTE-PHYSOPT-BUS-SKEW" Name="uart_wrapper_bus_skew_postroute_physopted.rpt"/>
  <File Type="POSTROUTE-PHYSOPT-TIMING-RPX" Name="uart_wrapper_timing_summary_postroute_physopted.rpx"/>
  <File Type="POSTROUTE-PHYSOPT-TIMING-PB" Name="uart_wrapper_timing_summary_postroute_physopted.pb"/>
  <File Type="POSTROUTE-PHYSOPT-TIMING" Name="uart_wrapper_timing_summary_postroute_physopted.rpt"/>
  <File Type="POSTROUTE-PHYSOPT-BLACKBOX-DCP" Name="uart_wrapper_postroute_physopt_bb.dcp"/>
  <File Type="POSTROUTE-PHYSOPT-DCP" Name="uart_wrapper_postroute_physopt.dcp"/>
  <File Type="ROUTE-BUS-SKEW-RPX" Name="uart_wrapper_bus_skew_routed.rpx"/>
  <File Type="INIT-TIMING" Name="uart_wrapper_timing_summary_init.rpt"/>
  <File Type="OPT-DCP" Name="uart_wrapper_opt.dcp"/>
  <File Type="OPT-DRC" Name="uart_wrapper_drc_opted.rpt"/>
  <File Type="POSTPLACE-PWROPT-TIMING" Name="uart_wrapper_timing_summary_postplace_pwropted.rpt"/>
  <File Type="OPT-METHODOLOGY-DRC" Name="uart_wrapper_methodology_drc_opted.rpt"/>
  <File Type="PLACE-UTIL" Name="uart_wrapper_utilization_placed.rpt"/>
  <File Type="OPT-HWDEF" Name="uart_wrapper.hwdef"/>
  <File Type="PHYSOPT-TIMING" Name="uart_wrapper_timing_summary_physopted.rpt"/>
  <File Type="PA-TCL" Name="uart_wrapper.tcl"/>
  <File Type="OPT-TIMING" Name="uart_wrapper_timing_summary_opted.rpt"/>
  <File Type="PWROPT-DCP" Name="uart_wrapper_pwropt.dcp"/>
  <File Type="PWROPT-DRC" Name="uart_wrapper_drc_pwropted.rpt"/>
  <File Type="REPORTS-TCL" Name="uart_wrapper_reports.tcl"/>
  <File Type="PWROPT-TIMING" Name="uart_wrapper_timing_summary_pwropted.rpt"/>
  <File Type="PLACE-DCP" Name="uart_wrapper_placed.dcp"/>
  <File Type="PLACE-IO" Name="uart_wrapper_io_placed.rpt"/>
  <File Type="PLACE-CLK" Name="uart_wrapper_clock_utilization_placed.rpt"/>
  <File Type="PLACE-UTIL-PB" Name="uart_wrapper_utilization_placed.pb"/>
  <File Type="ROUTE-METHODOLOGY-DRC" Name="uart_wrapper_methodology_drc_routed.rpt"/>
  <File Type="PLACE-CTRL" Name="uart_wrapper_control_sets_placed.rpt"/>
  <File Type="ROUTE-METHODOLOGY-DRC-PB" Name="uart_wrapper_methodology_drc_routed.pb"/>
  <File Type="PLACE-SIMILARITY" Name="uart_wrapper_incremental_reuse_placed.rpt"/>
  <File Type="ROUTE-DRC-RPX" Name="uart_wrapper_drc_routed.rpx"/>
  <File Type="PLACE-PRE-SIMILARITY" Name="uart_wrapper_incremental_reuse_pre_placed.rpt"/>
  <File Type="ROUTE-METHODOLOGY-DRC-RPX" Name="uart_wrapper_methodology_drc_routed.rpx"/>
  <File Type="PLACE-TIMING" Name="uart_wrapper_timing_summary_placed.rpt"/>
  <File Type="POSTPLACE-PWROPT-DCP" Name="uart_wrapper_postplace_pwropt.dcp"/>
  <File Type="PHYSOPT-DCP" Name="uart_wrapper_physopt.dcp"/>
  <File Type="PHYSOPT-DRC" Name="uart_wrapper_drc_physopted.rpt"/>
  <File Type="ROUTE-ERROR-DCP" Name="uart_wrapper_routed_error.dcp"/>
  <File Type="ROUTE-DCP" Name="uart_wrapper_routed.dcp"/>
  <File Type="ROUTE-BLACKBOX-DCP" Name="uart_wrapper_routed_bb.dcp"/>
  <File Type="ROUTE-DRC" Name="uart_wrapper_drc_routed.rpt"/>
  <File Type="ROUTE-DRC-PB" Name="uart_wrapper_drc_routed.pb"/>
  <File Type="ROUTE-PWR" Name="uart_wrapper_power_routed.rpt"/>
  <File Type="ROUTE-PWR-SUM" Name="uart_wrapper_power_summary_routed.pb"/>
  <File Type="ROUTE-PWR-RPX" Name="uart_wrapper_power_routed.rpx"/>
  <File Type="ROUTE-STATUS" Name="uart_wrapper_route_status.rpt"/>
  <File Type="ROUTE-STATUS-PB" Name="uart_wrapper_route_status.pb"/>
  <File Type="ROUTE-TIMINGSUMMARY" Name="uart_wrapper_timing_summary_routed.rpt"/>
  <File Type="ROUTE-TIMING-PB" Name="uart_wrapper_timing_summary_routed.pb"/>
  <File Type="ROUTE-TIMING-RPX" Name="uart_wrapper_timing_summary_routed.rpx"/>
  <File Type="ROUTE-SIMILARITY" Name="uart_wrapper_incremental_reuse_routed.rpt"/>
  <File Type="ROUTE-CLK" Name="uart_wrapper_clock_utilization_routed.rpt"/>
  <File Type="ROUTE-BUS-SKEW" Name="uart_wrapper_bus_skew_routed.rpt"/>
  <File Type="ROUTE-BUS-SKEW-PB" Name="uart_wrapper_bus_skew_routed.pb"/>
  <FileSet Name="sources" Type="DesignSrcs" RelSrcDir="$PSRCDIR/sources_1">
    <Filter Type="Srcs"/>
    <File Path="$PSRCDIR/sources_1/new/Debounce_Switch.v">
      <FileInfo>
        <Attr Name="ImportPath" Val="$PPRDIR/../UART/UART.srcs/sources_1/new/Debounce_Switch.v"/>
        <Attr Name="ImportTime" Val="1678090116"/>
        <Attr Name="UsedIn" Val="synthesis"/>
        <Attr Name="UsedIn" Val="implementation"/>
        <Attr Name="UsedIn" Val="simulation"/>
      </FileInfo>
    </File>
    <File Path="$PSRCDIR/sources_1/new/CLA_16b_EXP.v">
      <FileInfo>
        <Attr Name="UsedIn" Val="synthesis"/>
        <Attr Name="UsedIn" Val="implementation"/>
        <Attr Name="UsedIn" Val="simulation"/>
      </FileInfo>
    </File>
    <File Path="$PSRCDIR/sources_1/new/CSA_MUX.v">
      <FileInfo>
        <Attr Name="UsedIn" Val="synthesis"/>
        <Attr Name="UsedIn" Val="implementation"/>
        <Attr Name="UsedIn" Val="simulation"/>
      </FileInfo>
    </File>
    <File Path="$PSRCDIR/sources_1/new/mp_adder_sub.v">
      <FileInfo>
        <Attr Name="UsedIn" Val="synthesis"/>
        <Attr Name="UsedIn" Val="implementation"/>
        <Attr Name="UsedIn" Val="simulation"/>
      </FileInfo>
    </File>
    <File Path="$PSRCDIR/sources_1/new/partial_full_adder.v">
      <FileInfo>
        <Attr Name="UsedIn" Val="synthesis"/>
        <Attr Name="UsedIn" Val="implementation"/>
        <Attr Name="UsedIn" Val="simulation"/>
      </FileInfo>
    </File>
    <File Path="$PSRCDIR/sources_1/new/uart_rx.v">
      <FileInfo>
        <Attr Name="ImportPath" Val="$PPRDIR/../UART/UART.srcs/sources_1/new/uart_rx.v"/>
        <Attr Name="ImportTime" Val="1679425272"/>
        <Attr Name="UsedIn" Val="synthesis"/>
        <Attr Name="UsedIn" Val="implementation"/>
        <Attr Name="UsedIn" Val="simulation"/>
      </FileInfo>
    </File>
    <File Path="$PSRCDIR/sources_1/new/uart_tx.v">
      <FileInfo>
        <Attr Name="ImportPath" Val="$PPRDIR/../UART/UART.srcs/sources_1/new/uart_tx.v"/>
        <Attr Name="ImportTime" Val="1679085800"/>
        <Attr Name="UsedIn" Val="synthesis"/>
        <Attr Name="UsedIn" Val="implementation"/>
        <Attr Name="UsedIn" Val="simulation"/>
      </FileInfo>
    </File>
    <File Path="$PSRCDIR/sources_1/new/uart_top_sub.v">
      <FileInfo>
        <Attr Name="UsedIn" Val="synthesis"/>
        <Attr Name="UsedIn" Val="implementation"/>
        <Attr Name="UsedIn" Val="simulation"/>
      </FileInfo>
    </File>
    <File Path="$PSRCDIR/sources_1/bd/uart/uart.bd">
      <FileInfo>
        <Attr Name="ImportPath" Val="$PPRDIR/../UART/UART.srcs/sources_1/bd/uart/uart.bd"/>
        <Attr Name="ImportTime" Val="1679592883"/>
        <Attr Name="UsedIn" Val="synthesis"/>
        <Attr Name="UsedIn" Val="implementation"/>
        <Attr Name="UsedIn" Val="simulation"/>
      </FileInfo>
    </File>
    <File Path="$PSRCDIR/sources_1/bd/uart/hdl/uart_wrapper.v">
      <FileInfo>
        <Attr Name="ImportPath" Val="$PPRDIR/../UART/UART.srcs/sources_1/bd/uart/hdl/uart_wrapper.v"/>
        <Attr Name="ImportTime" Val="1679592887"/>
        <Attr Name="UsedIn" Val="synthesis"/>
        <Attr Name="UsedIn" Val="implementation"/>
        <Attr Name="UsedIn" Val="simulation"/>
      </FileInfo>
    </File>
    <File Path="$PSRCDIR/sources_1/new/mp_adder.v">
      <FileInfo>
        <Attr Name="AutoDisabled" Val="1"/>
        <Attr Name="ImportPath" Val="$PPRDIR/../lab3/lab3.srcs/sources_1/new/mp_adder.v"/>
        <Attr Name="ImportTime" Val="1680525679"/>
        <Attr Name="UsedIn" Val="synthesis"/>
        <Attr Name="UsedIn" Val="implementation"/>
        <Attr Name="UsedIn" Val="simulation"/>
      </FileInfo>
    </File>
    <File Path="$PSRCDIR/sources_1/new/Black_Cell.v">
      <FileInfo>
        <Attr Name="AutoDisabled" Val="1"/>
        <Attr Name="UsedIn" Val="synthesis"/>
        <Attr Name="UsedIn" Val="implementation"/>
        <Attr Name="UsedIn" Val="simulation"/>
      </FileInfo>
    </File>
    <File Path="$PSRCDIR/sources_1/new/Gray_Cell.v">
      <FileInfo>
        <Attr Name="AutoDisabled" Val="1"/>
        <Attr Name="UsedIn" Val="synthesis"/>
        <Attr Name="UsedIn" Val="implementation"/>
        <Attr Name="UsedIn" Val="simulation"/>
      </FileInfo>
    </File>
    <File Path="$PSRCDIR/sources_1/new/PG.v">
      <FileInfo>
        <Attr Name="AutoDisabled" Val="1"/>
        <Attr Name="UsedIn" Val="synthesis"/>
        <Attr Name="UsedIn" Val="implementation"/>
        <Attr Name="UsedIn" Val="simulation"/>
      </FileInfo>
    </File>
    <File Path="$PSRCDIR/sources_1/new/brent_kung_16b.v">
      <FileInfo>
        <Attr Name="AutoDisabled" Val="1"/>
        <Attr Name="UsedIn" Val="synthesis"/>
        <Attr Name="UsedIn" Val="implementation"/>
        <Attr Name="UsedIn" Val="simulation"/>
      </FileInfo>
    </File>
    <File Path="$PSRCDIR/sources_1/new/CSA_MUX_P.v">
      <FileInfo>
        <Attr Name="AutoDisabled" Val="1"/>
        <Attr Name="UsedIn" Val="synthesis"/>
        <Attr Name="UsedIn" Val="implementation"/>
        <Attr Name="UsedIn" Val="simulation"/>
      </FileInfo>
    </File>
    <File Path="$PSRCDIR/sources_1/new/uart_top.v">
      <FileInfo>
        <Attr Name="AutoDisabled" Val="1"/>
        <Attr Name="ImportPath" Val="$PPRDIR/../UART/UART.srcs/sources_1/new/uart_top.v"/>
        <Attr Name="ImportTime" Val="1679421109"/>
        <Attr Name="UsedIn" Val="synthesis"/>
        <Attr Name="UsedIn" Val="implementation"/>
        <Attr Name="UsedIn" Val="simulation"/>
      </FileInfo>
    </File>
    <File Path="$PSRCDIR/sources_1/imports/new/full_adder.v">
      <FileInfo>
        <Attr Name="AutoDisabled" Val="1"/>
        <Attr Name="ImportPath" Val="$PPRDIR/../ripple_carry_adder/ripple_carry_adder.srcs/sources_1/new/full_adder.v"/>
        <Attr Name="ImportTime" Val="1677256625"/>
        <Attr Name="UsedIn" Val="synthesis"/>
        <Attr Name="UsedIn" Val="implementation"/>
        <Attr Name="UsedIn" Val="simulation"/>
      </FileInfo>
    </File>
    <File Path="$PSRCDIR/sources_1/imports/new/ripple_carry_adder_Nb.v">
      <FileInfo>
        <Attr Name="AutoDisabled" Val="1"/>
        <Attr Name="ImportPath" Val="$PPRDIR/../ripple_carry_adder/ripple_carry_adder.srcs/sources_1/new/ripple_carry_adder_Nb.v"/>
        <Attr Name="ImportTime" Val="1677280024"/>
        <Attr Name="UsedIn" Val="synthesis"/>
        <Attr Name="UsedIn" Val="implementation"/>
        <Attr Name="UsedIn" Val="simulation"/>
      </FileInfo>
    </File>
    <File Path="$PSRCDIR/sources_1/new/CLA_Mb_FOR.v">
      <FileInfo>
        <Attr Name="AutoDisabled" Val="1"/>
        <Attr Name="UsedIn" Val="synthesis"/>
        <Attr Name="UsedIn" Val="implementation"/>
        <Attr Name="UsedIn" Val="simulation"/>
      </FileInfo>
    </File>
    <File Path="$PSRCDIR/sources_1/new/carry_lookahead_adder.v">
      <FileInfo>
        <Attr Name="AutoDisabled" Val="1"/>
        <Attr Name="UsedIn" Val="synthesis"/>
        <Attr Name="UsedIn" Val="implementation"/>
        <Attr Name="UsedIn" Val="simulation"/>
      </FileInfo>
    </File>
    <File Path="$PSRCDIR/sources_1/new/carry_select_adder.v">
      <FileInfo>
        <Attr Name="AutoDisabled" Val="1"/>
        <Attr Name="UsedIn" Val="synthesis"/>
        <Attr Name="UsedIn" Val="implementation"/>
        <Attr Name="UsedIn" Val="simulation"/>
      </FileInfo>
    </File>
    <Config>
      <Option Name="DesignMode" Val="RTL"/>
      <Option Name="TopModule" Val="uart_wrapper"/>
    </Config>
  </FileSet>
  <FileSet Name="constrs_in" Type="Constrs" RelSrcDir="$PSRCDIR/constrs_1">
    <Filter Type="Constrs"/>
    <File Path="$PSRCDIR/constrs_1/new/pynq-z2.xdc">
      <FileInfo>
        <Attr Name="ImportPath" Val="$PPRDIR/../UART/UART.srcs/constrs_1/new/pynq-z2.xdc"/>
        <Attr Name="ImportTime" Val="1678090747"/>
        <Attr Name="UsedIn" Val="synthesis"/>
        <Attr Name="UsedIn" Val="implementation"/>
      </FileInfo>
    </File>
    <Config>
      <Option Name="ConstrsType" Val="XDC"/>
    </Config>
  </FileSet>
  <FileSet Name="utils" Type="Utils" RelSrcDir="$PSRCDIR/utils_1">
    <Filter Type="Utils"/>
    <Config>
      <Option Name="TopAutoSet" Val="TRUE"/>
    </Config>
  </FileSet>
  <Strategy Version="1" Minor="2">
    <StratHandle Name="Vivado Implementation Defaults" Flow="Vivado Implementation 2020"/>
    <Step Id="init_design"/>
    <Step Id="opt_design"/>
    <Step Id="power_opt_design"/>
    <Step Id="place_design"/>
    <Step Id="post_place_power_opt_design"/>
    <Step Id="phys_opt_design"/>
    <Step Id="route_design"/>
    <Step Id="post_route_phys_opt_design"/>
    <Step Id="write_bitstream"/>
  </Strategy>
  <BlockFileSet Type="BlockSrcs" Name="uart_uart_top_sub_0_0"/>
  <BlockFileSet Type="BlockSrcs" Name="uart_Debounce_Switch_0_0"/>
</GenRun>
