<?xml version="1.0" encoding="UTF-8" ?>
<webTalkData  fileName='usage_statistics_webtalk.xml'  majorVersion='1' minorVersion='0' timeStamp='Thu May 11 19:58:48 2023'>
<section name="__ROOT__" level="0" order="1" description="">
 <section name="software_version_and_target_device" level="1" order="1" description="">
  <keyValuePair key="beta" value="FALSE" description="" />
  <keyValuePair key="build_version" value="2902540" description="" />
  <keyValuePair key="date_generated" value="Thu May 11 19:58:48 2023" description="" />
  <keyValuePair key="os_platform" value="LIN64" description="" />
  <keyValuePair key="product_version" value="Vivado v2020.1 (64-bit)" description="" />
  <keyValuePair key="project_id" value="7716563f8bc4431197a47444ccae442a" description="" />
  <keyValuePair key="project_iteration" value="29" description="" />
  <keyValuePair key="random_id" value="3158e3872b455b23b9a5831d617e61c8" description="" />
  <keyValuePair key="registration_id" value="3158e3872b455b23b9a5831d617e61c8" description="" />
  <keyValuePair key="route_design" value="TRUE" description="" />
  <keyValuePair key="target_device" value="xc7z020" description="" />
  <keyValuePair key="target_family" value="zynq" description="" />
  <keyValuePair key="target_package" value="clg400" description="" />
  <keyValuePair key="target_speed" value="-1" description="" />
  <keyValuePair key="tool_flow" value="Vivado" description="" />
 </section>
 <section name="user_environment" level="1" order="2" description="">
  <keyValuePair key="cpu_name" value="Intel(R) Core(TM) i7-1068NG7 CPU @ 2.30GHz" description="" />
  <keyValuePair key="cpu_speed" value="2304.000 MHz" description="" />
  <keyValuePair key="os_name" value="unknown" description="" />
  <keyValuePair key="os_release" value="unknown" description="" />
  <keyValuePair key="system_ram" value="4.000 GB" description="" />
  <keyValuePair key="total_processors" value="4" description="" />
 </section>
 <section name="ip_statistics" level="1" order="3" description="">
  <section name="Debounce_Switch/1" level="2" order="1" description="">
   <keyValuePair key="c_debounce_limit" value="250000" description="" />
   <keyValuePair key="core_container" value="NA" description="" />
   <keyValuePair key="iptotal" value="1" description="" />
   <keyValuePair key="x_ipcorerevision" value="1" description="" />
   <keyValuePair key="x_iplanguage" value="VERILOG" description="" />
   <keyValuePair key="x_iplibrary" value="module_ref" description="" />
   <keyValuePair key="x_ipname" value="Debounce_Switch" description="" />
   <keyValuePair key="x_ipproduct" value="Vivado 2020.1" description="" />
   <keyValuePair key="x_ipsimlanguage" value="MIXED" description="" />
   <keyValuePair key="x_ipvendor" value="xilinx.com" description="" />
   <keyValuePair key="x_ipversion" value="1.0" description="" />
  </section>
  <section name="IP_Integrator/1" level="2" order="2" description="">
   <keyValuePair key="bdsource" value="USER" description="" />
   <keyValuePair key="core_container" value="NA" description="" />
   <keyValuePair key="iptotal" value="1" description="" />
   <keyValuePair key="maxhierdepth" value="0" description="" />
   <keyValuePair key="numblks" value="2" description="" />
   <keyValuePair key="numhdlrefblks" value="2" description="" />
   <keyValuePair key="numhierblks" value="0" description="" />
   <keyValuePair key="numhlsblks" value="0" description="" />
   <keyValuePair key="numnonxlnxblks" value="0" description="" />
   <keyValuePair key="numpkgbdblks" value="0" description="" />
   <keyValuePair key="numreposblks" value="2" description="" />
   <keyValuePair key="numsysgenblks" value="0" description="" />
   <keyValuePair key="synth_mode" value="OOC_per_IP" description="" />
   <keyValuePair key="x_iplanguage" value="VERILOG" description="" />
   <keyValuePair key="x_iplibrary" value="BlockDiagram" description="" />
   <keyValuePair key="x_ipname" value="uart" description="" />
   <keyValuePair key="x_ipvendor" value="xilinx.com" description="" />
   <keyValuePair key="x_ipversion" value="1.00.a" description="" />
  </section>
  <section name="uart_top_sub/1" level="2" order="3" description="">
   <keyValuePair key="adder_width" value="128" description="" />
   <keyValuePair key="baud_rate" value="115200" description="" />
   <keyValuePair key="clk_freq" value="125000000" description="" />
   <keyValuePair key="core_container" value="NA" description="" />
   <keyValuePair key="iptotal" value="1" description="" />
   <keyValuePair key="nbytes" value="64" description="" />
   <keyValuePair key="operand_width" value="512" description="" />
   <keyValuePair key="x_ipcorerevision" value="1" description="" />
   <keyValuePair key="x_iplanguage" value="VERILOG" description="" />
   <keyValuePair key="x_iplibrary" value="module_ref" description="" />
   <keyValuePair key="x_ipname" value="uart_top_sub" description="" />
   <keyValuePair key="x_ipproduct" value="Vivado 2020.1" description="" />
   <keyValuePair key="x_ipsimlanguage" value="MIXED" description="" />
   <keyValuePair key="x_ipvendor" value="xilinx.com" description="" />
   <keyValuePair key="x_ipversion" value="1.0" description="" />
  </section>
 </section>
 <section name="phys_opt_design_post_place" level="1" order="4" description="">
  <section name="command_line_options" level="2" order="1" description="">
   <keyValuePair key="-aggressive_hold_fix" value="default::[not_specified]" description="" />
   <keyValuePair key="-bram_register_opt" value="default::[not_specified]" description="" />
   <keyValuePair key="-clock_opt" value="default::[not_specified]" description="" />
   <keyValuePair key="-critical_cell_opt" value="default::[not_specified]" description="" />
   <keyValuePair key="-critical_pin_opt" value="default::[not_specified]" description="" />
   <keyValuePair key="-directive" value="default::[not_specified]" description="" />
   <keyValuePair key="-dsp_register_opt" value="default::[not_specified]" description="" />
   <keyValuePair key="-effort_level" value="default::[not_specified]" description="" />
   <keyValuePair key="-fanout_opt" value="default::[not_specified]" description="" />
   <keyValuePair key="-hold_fix" value="default::[not_specified]" description="" />
   <keyValuePair key="-insert_negative_edge_ffs" value="default::[not_specified]" description="" />
   <keyValuePair key="-multi_clock_opt" value="default::[not_specified]" description="" />
   <keyValuePair key="-placement_opt" value="default::[not_specified]" description="" />
   <keyValuePair key="-restruct_opt" value="default::[not_specified]" description="" />
   <keyValuePair key="-retime" value="default::[not_specified]" description="" />
   <keyValuePair key="-rewire" value="default::[not_specified]" description="" />
   <keyValuePair key="-shift_register_opt" value="default::[not_specified]" description="" />
   <keyValuePair key="-uram_register_opt" value="default::[not_specified]" description="" />
   <keyValuePair key="-verbose" value="default::[not_specified]" description="" />
   <keyValuePair key="-vhfn" value="default::[not_specified]" description="" />
  </section>
 </section>
 <section name="report_drc" level="1" order="5" description="">
  <section name="command_line_options" level="2" order="1" description="">
   <keyValuePair key="-append" value="default::[not_specified]" description="" />
   <keyValuePair key="-checks" value="default::[not_specified]" description="" />
   <keyValuePair key="-fail_on" value="default::[not_specified]" description="" />
   <keyValuePair key="-force" value="default::[not_specified]" description="" />
   <keyValuePair key="-format" value="default::[not_specified]" description="" />
   <keyValuePair key="-internal" value="default::[not_specified]" description="" />
   <keyValuePair key="-internal_only" value="default::[not_specified]" description="" />
   <keyValuePair key="-messages" value="default::[not_specified]" description="" />
   <keyValuePair key="-name" value="default::[not_specified]" description="" />
   <keyValuePair key="-no_waivers" value="default::[not_specified]" description="" />
   <keyValuePair key="-return_string" value="default::[not_specified]" description="" />
   <keyValuePair key="-ruledecks" value="default::[not_specified]" description="" />
   <keyValuePair key="-upgrade_cw" value="default::[not_specified]" description="" />
   <keyValuePair key="-waived" value="default::[not_specified]" description="" />
  </section>
  <section name="results" level="2" order="2" description="">
   <keyValuePair key="zps7-1" value="1" description="" />
  </section>
 </section>
 <section name="report_utilization" level="1" order="6" description="">
  <section name="clocking" level="2" order="1" description="">
   <keyValuePair key="bufgctrl_available" value="32" description="" />
   <keyValuePair key="bufgctrl_fixed" value="0" description="" />
   <keyValuePair key="bufgctrl_used" value="1" description="" />
   <keyValuePair key="bufgctrl_util_percentage" value="3.13" description="" />
   <keyValuePair key="bufhce_available" value="72" description="" />
   <keyValuePair key="bufhce_fixed" value="0" description="" />
   <keyValuePair key="bufhce_used" value="0" description="" />
   <keyValuePair key="bufhce_util_percentage" value="0.00" description="" />
   <keyValuePair key="bufio_available" value="16" description="" />
   <keyValuePair key="bufio_fixed" value="0" description="" />
   <keyValuePair key="bufio_used" value="0" description="" />
   <keyValuePair key="bufio_util_percentage" value="0.00" description="" />
   <keyValuePair key="bufmrce_available" value="8" description="" />
   <keyValuePair key="bufmrce_fixed" value="0" description="" />
   <keyValuePair key="bufmrce_used" value="0" description="" />
   <keyValuePair key="bufmrce_util_percentage" value="0.00" description="" />
   <keyValuePair key="bufr_available" value="16" description="" />
   <keyValuePair key="bufr_fixed" value="0" description="" />
   <keyValuePair key="bufr_used" value="0" description="" />
   <keyValuePair key="bufr_util_percentage" value="0.00" description="" />
   <keyValuePair key="mmcme2_adv_available" value="4" description="" />
   <keyValuePair key="mmcme2_adv_fixed" value="0" description="" />
   <keyValuePair key="mmcme2_adv_used" value="0" description="" />
   <keyValuePair key="mmcme2_adv_util_percentage" value="0.00" description="" />
   <keyValuePair key="plle2_adv_available" value="4" description="" />
   <keyValuePair key="plle2_adv_fixed" value="0" description="" />
   <keyValuePair key="plle2_adv_used" value="0" description="" />
   <keyValuePair key="plle2_adv_util_percentage" value="0.00" description="" />
  </section>
  <section name="dsp" level="2" order="2" description="">
   <keyValuePair key="dsps_available" value="220" description="" />
   <keyValuePair key="dsps_fixed" value="0" description="" />
   <keyValuePair key="dsps_used" value="0" description="" />
   <keyValuePair key="dsps_util_percentage" value="0.00" description="" />
  </section>
  <section name="io_standard" level="2" order="3" description="">
   <keyValuePair key="blvds_25" value="0" description="" />
   <keyValuePair key="diff_hstl_i" value="0" description="" />
   <keyValuePair key="diff_hstl_i_18" value="0" description="" />
   <keyValuePair key="diff_hstl_ii" value="0" description="" />
   <keyValuePair key="diff_hstl_ii_18" value="0" description="" />
   <keyValuePair key="diff_hsul_12" value="0" description="" />
   <keyValuePair key="diff_mobile_ddr" value="0" description="" />
   <keyValuePair key="diff_sstl135" value="0" description="" />
   <keyValuePair key="diff_sstl135_r" value="0" description="" />
   <keyValuePair key="diff_sstl15" value="0" description="" />
   <keyValuePair key="diff_sstl15_r" value="0" description="" />
   <keyValuePair key="diff_sstl18_i" value="0" description="" />
   <keyValuePair key="diff_sstl18_ii" value="0" description="" />
   <keyValuePair key="hstl_i" value="0" description="" />
   <keyValuePair key="hstl_i_18" value="0" description="" />
   <keyValuePair key="hstl_ii" value="0" description="" />
   <keyValuePair key="hstl_ii_18" value="0" description="" />
   <keyValuePair key="hsul_12" value="0" description="" />
   <keyValuePair key="lvcmos12" value="0" description="" />
   <keyValuePair key="lvcmos15" value="0" description="" />
   <keyValuePair key="lvcmos18" value="0" description="" />
   <keyValuePair key="lvcmos25" value="0" description="" />
   <keyValuePair key="lvcmos33" value="1" description="" />
   <keyValuePair key="lvds_25" value="0" description="" />
   <keyValuePair key="lvttl" value="0" description="" />
   <keyValuePair key="mini_lvds_25" value="0" description="" />
   <keyValuePair key="mobile_ddr" value="0" description="" />
   <keyValuePair key="pci33_3" value="0" description="" />
   <keyValuePair key="ppds_25" value="0" description="" />
   <keyValuePair key="rsds_25" value="0" description="" />
   <keyValuePair key="sstl135" value="0" description="" />
   <keyValuePair key="sstl135_r" value="0" description="" />
   <keyValuePair key="sstl15" value="0" description="" />
   <keyValuePair key="sstl15_r" value="0" description="" />
   <keyValuePair key="sstl18_i" value="0" description="" />
   <keyValuePair key="sstl18_ii" value="0" description="" />
   <keyValuePair key="tmds_33" value="0" description="" />
  </section>
  <section name="memory" level="2" order="4" description="">
   <keyValuePair key="block_ram_tile_available" value="140" description="" />
   <keyValuePair key="block_ram_tile_fixed" value="0" description="" />
   <keyValuePair key="block_ram_tile_used" value="0" description="" />
   <keyValuePair key="block_ram_tile_util_percentage" value="0.00" description="" />
   <keyValuePair key="ramb18_available" value="280" description="" />
   <keyValuePair key="ramb18_fixed" value="0" description="" />
   <keyValuePair key="ramb18_used" value="0" description="" />
   <keyValuePair key="ramb18_util_percentage" value="0.00" description="" />
   <keyValuePair key="ramb36_fifo_available" value="140" description="" />
   <keyValuePair key="ramb36_fifo_fixed" value="0" description="" />
   <keyValuePair key="ramb36_fifo_used" value="0" description="" />
   <keyValuePair key="ramb36_fifo_util_percentage" value="0.00" description="" />
  </section>
  <section name="primitives" level="2" order="5" description="">
   <keyValuePair key="bufg_functional_category" value="Clock" description="" />
   <keyValuePair key="bufg_used" value="1" description="" />
   <keyValuePair key="carry4_functional_category" value="CarryLogic" description="" />
   <keyValuePair key="carry4_used" value="8" description="" />
   <keyValuePair key="fdre_functional_category" value="Flop &amp; Latch" description="" />
   <keyValuePair key="fdre_used" value="3211" description="" />
   <keyValuePair key="fdse_functional_category" value="Flop &amp; Latch" description="" />
   <keyValuePair key="fdse_used" value="2" description="" />
   <keyValuePair key="ibuf_functional_category" value="IO" description="" />
   <keyValuePair key="ibuf_used" value="3" description="" />
   <keyValuePair key="lut1_functional_category" value="LUT" description="" />
   <keyValuePair key="lut1_used" value="1" description="" />
   <keyValuePair key="lut2_functional_category" value="LUT" description="" />
   <keyValuePair key="lut2_used" value="133" description="" />
   <keyValuePair key="lut3_functional_category" value="LUT" description="" />
   <keyValuePair key="lut3_used" value="61" description="" />
   <keyValuePair key="lut4_functional_category" value="LUT" description="" />
   <keyValuePair key="lut4_used" value="355" description="" />
   <keyValuePair key="lut5_functional_category" value="LUT" description="" />
   <keyValuePair key="lut5_used" value="718" description="" />
   <keyValuePair key="lut6_functional_category" value="LUT" description="" />
   <keyValuePair key="lut6_used" value="1474" description="" />
   <keyValuePair key="muxf7_functional_category" value="MuxFx" description="" />
   <keyValuePair key="muxf7_used" value="4" description="" />
   <keyValuePair key="obuf_functional_category" value="IO" description="" />
   <keyValuePair key="obuf_used" value="1" description="" />
  </section>
  <section name="slice_logic" level="2" order="6" description="">
   <keyValuePair key="f7_muxes_available" value="26600" description="" />
   <keyValuePair key="f7_muxes_fixed" value="0" description="" />
   <keyValuePair key="f7_muxes_used" value="4" description="" />
   <keyValuePair key="f7_muxes_util_percentage" value="0.02" description="" />
   <keyValuePair key="f8_muxes_available" value="13300" description="" />
   <keyValuePair key="f8_muxes_fixed" value="0" description="" />
   <keyValuePair key="f8_muxes_used" value="0" description="" />
   <keyValuePair key="f8_muxes_util_percentage" value="0.00" description="" />
   <keyValuePair key="lut_as_distributed_ram_fixed" value="0" description="" />
   <keyValuePair key="lut_as_distributed_ram_used" value="0" description="" />
   <keyValuePair key="lut_as_logic_available" value="53200" description="" />
   <keyValuePair key="lut_as_logic_available" value="53200" description="" />
   <keyValuePair key="lut_as_logic_fixed" value="0" description="" />
   <keyValuePair key="lut_as_logic_fixed" value="0" description="" />
   <keyValuePair key="lut_as_logic_used" value="2441" description="" />
   <keyValuePair key="lut_as_logic_used" value="2441" description="" />
   <keyValuePair key="lut_as_logic_util_percentage" value="4.59" description="" />
   <keyValuePair key="lut_as_logic_util_percentage" value="4.59" description="" />
   <keyValuePair key="lut_as_memory_available" value="17400" description="" />
   <keyValuePair key="lut_as_memory_available" value="17400" description="" />
   <keyValuePair key="lut_as_memory_fixed" value="0" description="" />
   <keyValuePair key="lut_as_memory_fixed" value="0" description="" />
   <keyValuePair key="lut_as_memory_used" value="0" description="" />
   <keyValuePair key="lut_as_memory_used" value="0" description="" />
   <keyValuePair key="lut_as_memory_util_percentage" value="0.00" description="" />
   <keyValuePair key="lut_as_memory_util_percentage" value="0.00" description="" />
   <keyValuePair key="lut_as_shift_register_fixed" value="0" description="" />
   <keyValuePair key="lut_as_shift_register_used" value="0" description="" />
   <keyValuePair key="lut_in_front_of_the_register_is_unused_fixed" value="0" description="" />
   <keyValuePair key="lut_in_front_of_the_register_is_unused_used" value="1110" description="" />
   <keyValuePair key="lut_in_front_of_the_register_is_used_fixed" value="1110" description="" />
   <keyValuePair key="lut_in_front_of_the_register_is_used_used" value="284" description="" />
   <keyValuePair key="register_as_flip_flop_available" value="106400" description="" />
   <keyValuePair key="register_as_flip_flop_fixed" value="0" description="" />
   <keyValuePair key="register_as_flip_flop_used" value="3213" description="" />
   <keyValuePair key="register_as_flip_flop_util_percentage" value="3.02" description="" />
   <keyValuePair key="register_as_latch_available" value="106400" description="" />
   <keyValuePair key="register_as_latch_fixed" value="0" description="" />
   <keyValuePair key="register_as_latch_used" value="0" description="" />
   <keyValuePair key="register_as_latch_util_percentage" value="0.00" description="" />
   <keyValuePair key="register_driven_from_outside_the_slice_fixed" value="284" description="" />
   <keyValuePair key="register_driven_from_outside_the_slice_used" value="1394" description="" />
   <keyValuePair key="register_driven_from_within_the_slice_fixed" value="1394" description="" />
   <keyValuePair key="register_driven_from_within_the_slice_used" value="1819" description="" />
   <keyValuePair key="slice_available" value="13300" description="" />
   <keyValuePair key="slice_fixed" value="0" description="" />
   <keyValuePair key="slice_luts_available" value="53200" description="" />
   <keyValuePair key="slice_luts_fixed" value="0" description="" />
   <keyValuePair key="slice_luts_used" value="2441" description="" />
   <keyValuePair key="slice_luts_util_percentage" value="4.59" description="" />
   <keyValuePair key="slice_registers_available" value="106400" description="" />
   <keyValuePair key="slice_registers_available" value="106400" description="" />
   <keyValuePair key="slice_registers_fixed" value="0" description="" />
   <keyValuePair key="slice_registers_fixed" value="0" description="" />
   <keyValuePair key="slice_registers_used" value="3213" description="" />
   <keyValuePair key="slice_registers_used" value="3213" description="" />
   <keyValuePair key="slice_registers_util_percentage" value="3.02" description="" />
   <keyValuePair key="slice_registers_util_percentage" value="3.02" description="" />
   <keyValuePair key="slice_used" value="869" description="" />
   <keyValuePair key="slice_util_percentage" value="6.53" description="" />
   <keyValuePair key="slicel_fixed" value="0" description="" />
   <keyValuePair key="slicel_used" value="629" description="" />
   <keyValuePair key="slicem_fixed" value="0" description="" />
   <keyValuePair key="slicem_used" value="240" description="" />
   <keyValuePair key="unique_control_sets_available" value="13300" description="" />
   <keyValuePair key="unique_control_sets_fixed" value="13300" description="" />
   <keyValuePair key="unique_control_sets_used" value="13" description="" />
   <keyValuePair key="unique_control_sets_util_percentage" value="0.10" description="" />
   <keyValuePair key="using_o5_and_o6_fixed" value="0.10" description="" />
   <keyValuePair key="using_o5_and_o6_used" value="301" description="" />
   <keyValuePair key="using_o5_output_only_fixed" value="301" description="" />
   <keyValuePair key="using_o5_output_only_used" value="1" description="" />
   <keyValuePair key="using_o6_output_only_fixed" value="1" description="" />
   <keyValuePair key="using_o6_output_only_used" value="2139" description="" />
  </section>
  <section name="specific_feature" level="2" order="7" description="">
   <keyValuePair key="bscane2_available" value="4" description="" />
   <keyValuePair key="bscane2_fixed" value="0" description="" />
   <keyValuePair key="bscane2_used" value="0" description="" />
   <keyValuePair key="bscane2_util_percentage" value="0.00" description="" />
   <keyValuePair key="capturee2_available" value="1" description="" />
   <keyValuePair key="capturee2_fixed" value="0" description="" />
   <keyValuePair key="capturee2_used" value="0" description="" />
   <keyValuePair key="capturee2_util_percentage" value="0.00" description="" />
   <keyValuePair key="dna_port_available" value="1" description="" />
   <keyValuePair key="dna_port_fixed" value="0" description="" />
   <keyValuePair key="dna_port_used" value="0" description="" />
   <keyValuePair key="dna_port_util_percentage" value="0.00" description="" />
   <keyValuePair key="efuse_usr_available" value="1" description="" />
   <keyValuePair key="efuse_usr_fixed" value="0" description="" />
   <keyValuePair key="efuse_usr_used" value="0" description="" />
   <keyValuePair key="efuse_usr_util_percentage" value="0.00" description="" />
   <keyValuePair key="frame_ecce2_available" value="1" description="" />
   <keyValuePair key="frame_ecce2_fixed" value="0" description="" />
   <keyValuePair key="frame_ecce2_used" value="0" description="" />
   <keyValuePair key="frame_ecce2_util_percentage" value="0.00" description="" />
   <keyValuePair key="icape2_available" value="2" description="" />
   <keyValuePair key="icape2_fixed" value="0" description="" />
   <keyValuePair key="icape2_used" value="0" description="" />
   <keyValuePair key="icape2_util_percentage" value="0.00" description="" />
   <keyValuePair key="startupe2_available" value="1" description="" />
   <keyValuePair key="startupe2_fixed" value="0" description="" />
   <keyValuePair key="startupe2_used" value="0" description="" />
   <keyValuePair key="startupe2_util_percentage" value="0.00" description="" />
   <keyValuePair key="xadc_available" value="1" description="" />
   <keyValuePair key="xadc_fixed" value="0" description="" />
   <keyValuePair key="xadc_used" value="0" description="" />
   <keyValuePair key="xadc_util_percentage" value="0.00" description="" />
  </section>
 </section>
 <section name="synthesis" level="1" order="7" description="">
  <section name="command_line_options" level="2" order="1" description="">
   <keyValuePair key="-assert" value="default::[not_specified]" description="" />
   <keyValuePair key="-bufg" value="default::12" description="" />
   <keyValuePair key="-cascade_dsp" value="default::auto" description="" />
   <keyValuePair key="-constrset" value="default::[not_specified]" description="" />
   <keyValuePair key="-control_set_opt_threshold" value="default::auto" description="" />
   <keyValuePair key="-debug_log" value="default::[not_specified]" description="" />
   <keyValuePair key="-directive" value="default::default" description="" />
   <keyValuePair key="-fanout_limit" value="default::10000" description="" />
   <keyValuePair key="-flatten_hierarchy" value="default::rebuilt" description="" />
   <keyValuePair key="-fsm_extraction" value="default::auto" description="" />
   <keyValuePair key="-gated_clock_conversion" value="default::off" description="" />
   <keyValuePair key="-generic" value="default::[not_specified]" description="" />
   <keyValuePair key="-include_dirs" value="default::[not_specified]" description="" />
   <keyValuePair key="-keep_equivalent_registers" value="default::[not_specified]" description="" />
   <keyValuePair key="-max_bram" value="default::-1" description="" />
   <keyValuePair key="-max_bram_cascade_height" value="default::-1" description="" />
   <keyValuePair key="-max_dsp" value="default::-1" description="" />
   <keyValuePair key="-max_uram" value="default::-1" description="" />
   <keyValuePair key="-max_uram_cascade_height" value="default::-1" description="" />
   <keyValuePair key="-mode" value="default::default" description="" />
   <keyValuePair key="-name" value="default::[not_specified]" description="" />
   <keyValuePair key="-no_lc" value="default::[not_specified]" description="" />
   <keyValuePair key="-no_srlextract" value="default::[not_specified]" description="" />
   <keyValuePair key="-no_timing_driven" value="default::[not_specified]" description="" />
   <keyValuePair key="-part" value="xc7z020clg400-1" description="" />
   <keyValuePair key="-resource_sharing" value="default::auto" description="" />
   <keyValuePair key="-retiming" value="default::[not_specified]" description="" />
   <keyValuePair key="-rtl" value="default::[not_specified]" description="" />
   <keyValuePair key="-rtl_skip_constraints" value="default::[not_specified]" description="" />
   <keyValuePair key="-rtl_skip_ip" value="default::[not_specified]" description="" />
   <keyValuePair key="-seu_protect" value="default::none" description="" />
   <keyValuePair key="-sfcu" value="default::[not_specified]" description="" />
   <keyValuePair key="-shreg_min_size" value="default::3" description="" />
   <keyValuePair key="-top" value="uart_wrapper" description="" />
   <keyValuePair key="-verilog_define" value="default::[not_specified]" description="" />
  </section>
  <section name="usage" level="2" order="2" description="">
   <keyValuePair key="elapsed" value="00:00:23s" description="" />
   <keyValuePair key="hls_ip" value="0" description="" />
   <keyValuePair key="memory_gain" value="82.922MB" description="" />
   <keyValuePair key="memory_peak" value="2228.223MB" description="" />
  </section>
 </section>
 <section name="unisim_transformation" level="1" order="8" description="">
  <section name="post_unisim_transformation" level="2" order="1" description="">
   <keyValuePair key="bufg" value="1" description="" />
   <keyValuePair key="carry4" value="8" description="" />
   <keyValuePair key="fdre" value="3200" description="" />
   <keyValuePair key="fdse" value="2" description="" />
   <keyValuePair key="gnd" value="2" description="" />
   <keyValuePair key="ibuf" value="3" description="" />
   <keyValuePair key="lut1" value="1" description="" />
   <keyValuePair key="lut2" value="133" description="" />
   <keyValuePair key="lut3" value="61" description="" />
   <keyValuePair key="lut4" value="355" description="" />
   <keyValuePair key="lut5" value="718" description="" />
   <keyValuePair key="lut6" value="1474" description="" />
   <keyValuePair key="muxf7" value="4" description="" />
   <keyValuePair key="obuf" value="1" description="" />
   <keyValuePair key="vcc" value="5" description="" />
  </section>
  <section name="pre_unisim_transformation" level="2" order="2" description="">
   <keyValuePair key="bufg" value="1" description="" />
   <keyValuePair key="carry4" value="8" description="" />
   <keyValuePair key="fdre" value="3200" description="" />
   <keyValuePair key="fdse" value="2" description="" />
   <keyValuePair key="gnd" value="2" description="" />
   <keyValuePair key="ibuf" value="3" description="" />
   <keyValuePair key="lut1" value="1" description="" />
   <keyValuePair key="lut2" value="133" description="" />
   <keyValuePair key="lut3" value="61" description="" />
   <keyValuePair key="lut4" value="355" description="" />
   <keyValuePair key="lut5" value="718" description="" />
   <keyValuePair key="lut6" value="1474" description="" />
   <keyValuePair key="muxf7" value="4" description="" />
   <keyValuePair key="obuf" value="1" description="" />
   <keyValuePair key="vcc" value="5" description="" />
  </section>
 </section>
 <section name="vivado_usage" level="1" order="9" description="">
  <section name="gui_handlers" level="2" order="1" description="">
   <keyValuePair key="abstractcombinedpanel_remove_selected_elements" value="1" description="" />
   <keyValuePair key="abstractsearchablepanel_show_search" value="6" description="" />
   <keyValuePair key="addsrcwizard_specify_hdl_netlist_block_design" value="3" description="" />
   <keyValuePair key="basedialog_cancel" value="67" description="" />
   <keyValuePair key="basedialog_no" value="2" description="" />
   <keyValuePair key="basedialog_ok" value="632" description="" />
   <keyValuePair key="basedialog_yes" value="35" description="" />
   <keyValuePair key="boardchooser_board_table" value="1" description="" />
   <keyValuePair key="cmdmsgdialog_messages" value="4" description="" />
   <keyValuePair key="cmdmsgdialog_ok" value="119" description="" />
   <keyValuePair key="commandsinput_type_tcl_command_here" value="12" description="" />
   <keyValuePair key="confirmsavetexteditsdialog_cancel" value="2" description="" />
   <keyValuePair key="confirmsavetexteditsdialog_no" value="3" description="" />
   <keyValuePair key="constraintschooserpanel_create_file" value="1" description="" />
   <keyValuePair key="constraintschooserpanel_file_table" value="2" description="" />
   <keyValuePair key="coretreetablepanel_core_tree_table" value="1" description="" />
   <keyValuePair key="createconstraintsfilepanel_file_name" value="1" description="" />
   <keyValuePair key="createnewdiagramdialog_design_name" value="1" description="" />
   <keyValuePair key="createsrcfiledialog_file_name" value="35" description="" />
   <keyValuePair key="defaultoptionpane_close" value="3" description="" />
   <keyValuePair key="definemodulesdialog_new_source_files" value="2" description="" />
   <keyValuePair key="designtimingsumsectionpanel_worst_negative_slack" value="5" description="" />
   <keyValuePair key="deviceview_show_cell_connections" value="1" description="" />
   <keyValuePair key="expruntreepanel_exp_run_tree_table" value="2" description="" />
   <keyValuePair key="filesetpanel_file_set_panel_tree" value="2243" description="" />
   <keyValuePair key="filesetpanel_messages" value="1" description="" />
   <keyValuePair key="filesetpanel_used_in" value="1" description="" />
   <keyValuePair key="filesetview_collapse_all" value="2" description="" />
   <keyValuePair key="findandreplacealldialog_close" value="1" description="" />
   <keyValuePair key="floatingtopdialog_automatically_pick_new_top_module" value="1" description="" />
   <keyValuePair key="floatingtopdialog_ignore_and_continue_with_invalid_top" value="3" description="" />
   <keyValuePair key="floatingtopdialog_select_top_module_of_your_design" value="1" description="" />
   <keyValuePair key="floatingtopdialog_specify_new_top_modules" value="1" description="" />
   <keyValuePair key="flownavigatortreepanel_flow_navigator_tree" value="382" description="" />
   <keyValuePair key="gettingstartedview_create_new_project" value="1" description="" />
   <keyValuePair key="gettingstartedview_manage_ip" value="2" description="" />
   <keyValuePair key="gettingstartedview_start_using_vivado_with_ip_catalog" value="1" description="" />
   <keyValuePair key="graphicalview_select" value="2" description="" />
   <keyValuePair key="graphicalview_zoom_in" value="205" description="" />
   <keyValuePair key="graphicalview_zoom_out" value="330" description="" />
   <keyValuePair key="hcodeeditor_blank_operations" value="1" description="" />
   <keyValuePair key="hcodeeditor_search_text_combo_box" value="41" description="" />
   <keyValuePair key="hexceptiondialog_continue" value="2" description="" />
   <keyValuePair key="hexceptiondialog_exit" value="2" description="" />
   <keyValuePair key="hinputhandler_toggle_line_comments" value="3" description="" />
   <keyValuePair key="hinputhandler_unindent_selection" value="7" description="" />
   <keyValuePair key="hpopuptitle_close" value="3" description="" />
   <keyValuePair key="htree_collapse_all" value="1" description="" />
   <keyValuePair key="instancemenu_floorplanning" value="18" description="" />
   <keyValuePair key="instancetablepanel_instance_table" value="3" description="" />
   <keyValuePair key="interfacestreetablepanel_interface_tree_table" value="3" description="" />
   <keyValuePair key="ipcoreview_tabbed_pane" value="2" description="" />
   <keyValuePair key="logmonitor_monitor" value="5" description="" />
   <keyValuePair key="mainmenumgr_checkpoint" value="5" description="" />
   <keyValuePair key="mainmenumgr_edit" value="44" description="" />
   <keyValuePair key="mainmenumgr_file" value="68" description="" />
   <keyValuePair key="mainmenumgr_flow" value="21" description="" />
   <keyValuePair key="mainmenumgr_help" value="2" description="" />
   <keyValuePair key="mainmenumgr_ip" value="5" description="" />
   <keyValuePair key="mainmenumgr_open_block_design" value="1" description="" />
   <keyValuePair key="mainmenumgr_open_recent_ip_location" value="1" description="" />
   <keyValuePair key="mainmenumgr_open_recent_project" value="6" description="" />
   <keyValuePair key="mainmenumgr_project" value="32" description="" />
   <keyValuePair key="mainmenumgr_reports" value="14" description="" />
   <keyValuePair key="mainmenumgr_settings" value="2" description="" />
   <keyValuePair key="mainmenumgr_text_editor" value="1" description="" />
   <keyValuePair key="mainmenumgr_tools" value="14" description="" />
   <keyValuePair key="mainmenumgr_view" value="14" description="" />
   <keyValuePair key="mainmenumgr_window" value="32" description="" />
   <keyValuePair key="mainwinmenumgr_layout" value="22" description="" />
   <keyValuePair key="messagewithoptiondialog_dont_show_this_dialog_again" value="2" description="" />
   <keyValuePair key="msgtreepanel_message_view_tree" value="71" description="" />
   <keyValuePair key="msgview_clear_messages_resulting_from_user_executed" value="13" description="" />
   <keyValuePair key="msgview_critical_warnings" value="5" description="" />
   <keyValuePair key="msgview_information_messages" value="10" description="" />
   <keyValuePair key="msgview_warning_messages" value="5" description="" />
   <keyValuePair key="navigabletimingreporttab_timing_report_navigation_tree" value="36" description="" />
   <keyValuePair key="netlistschmenuandmouse_expand_collapse" value="11" description="" />
   <keyValuePair key="netlistschmenuandmouse_report_timing" value="2" description="" />
   <keyValuePair key="netlistschmenuandmouse_view" value="13" description="" />
   <keyValuePair key="netlisttreeview_netlist_tree" value="33" description="" />
   <keyValuePair key="newipprojectwizard_ip_location" value="2" description="" />
   <keyValuePair key="newprojectwizard_do_not_specify_sources_at_this_time" value="1" description="" />
   <keyValuePair key="openfileaction_cancel" value="1" description="" />
   <keyValuePair key="pacommandnames_add_sources" value="39" description="" />
   <keyValuePair key="pacommandnames_auto_connect_ports" value="4" description="" />
   <keyValuePair key="pacommandnames_auto_connect_target" value="20" description="" />
   <keyValuePair key="pacommandnames_auto_update_hier" value="198" description="" />
   <keyValuePair key="pacommandnames_close_project" value="9" description="" />
   <keyValuePair key="pacommandnames_fileset_window" value="5" description="" />
   <keyValuePair key="pacommandnames_generate_composite_file" value="1" description="" />
   <keyValuePair key="pacommandnames_goto_definition" value="1" description="" />
   <keyValuePair key="pacommandnames_goto_instantiation" value="5" description="" />
   <keyValuePair key="pacommandnames_goto_netlist_design" value="21" description="" />
   <keyValuePair key="pacommandnames_move_to_sim_set" value="1" description="" />
   <keyValuePair key="pacommandnames_open_hardware_manager" value="20" description="" />
   <keyValuePair key="pacommandnames_open_ip_location" value="1" description="" />
   <keyValuePair key="pacommandnames_refresh_rsb_block" value="1" description="" />
   <keyValuePair key="pacommandnames_regenerate_layout" value="73" description="" />
   <keyValuePair key="pacommandnames_replace_in_files" value="1" description="" />
   <keyValuePair key="pacommandnames_reports_window" value="2" description="" />
   <keyValuePair key="pacommandnames_run_bitgen" value="12" description="" />
   <keyValuePair key="pacommandnames_run_implementation" value="1" description="" />
   <keyValuePair key="pacommandnames_save_project_as" value="2" description="" />
   <keyValuePair key="pacommandnames_schematic" value="6" description="" />
   <keyValuePair key="pacommandnames_set_as_top" value="84" description="" />
   <keyValuePair key="pacommandnames_show_connectivity" value="6" description="" />
   <keyValuePair key="pacommandnames_show_hierarchy" value="1" description="" />
   <keyValuePair key="pacommandnames_simulation_live_break" value="3" description="" />
   <keyValuePair key="pacommandnames_simulation_live_run" value="278" description="" />
   <keyValuePair key="pacommandnames_simulation_live_run_all" value="2" description="" />
   <keyValuePair key="pacommandnames_simulation_relaunch" value="139" description="" />
   <keyValuePair key="pacommandnames_simulation_reset" value="1" description="" />
   <keyValuePair key="pacommandnames_simulation_run" value="3" description="" />
   <keyValuePair key="pacommandnames_simulation_run_behavioral" value="118" description="" />
   <keyValuePair key="pacommandnames_simulation_run_post_synthesis_timing" value="1" description="" />
   <keyValuePair key="pacommandnames_toggle_view_nav" value="41" description="" />
   <keyValuePair key="pacommandnames_validate_rsb_design" value="72" description="" />
   <keyValuePair key="pacommandnames_zoom_in" value="73" description="" />
   <keyValuePair key="pacommandnames_zoom_out" value="33" description="" />
   <keyValuePair key="pagraphicalview_view" value="1" description="" />
   <keyValuePair key="pathreporttableview_description" value="30" description="" />
   <keyValuePair key="paviews_address_editor" value="7" description="" />
   <keyValuePair key="paviews_code" value="305" description="" />
   <keyValuePair key="paviews_device" value="16" description="" />
   <keyValuePair key="paviews_hierarchy" value="6" description="" />
   <keyValuePair key="paviews_path_table" value="14" description="" />
   <keyValuePair key="paviews_project_summary" value="164" description="" />
   <keyValuePair key="paviews_schematic" value="16" description="" />
   <keyValuePair key="paviews_system" value="15" description="" />
   <keyValuePair key="planaheadtab_refresh_changed_modules" value="90" description="" />
   <keyValuePair key="planaheadtab_refresh_ip_catalog" value="4" description="" />
   <keyValuePair key="planaheadtab_show_flow_navigator" value="36" description="" />
   <keyValuePair key="programdebugtab_open_target" value="20" description="" />
   <keyValuePair key="programdebugtab_program_device" value="26" description="" />
   <keyValuePair key="programdebugtab_refresh_device" value="5" description="" />
   <keyValuePair key="programfpgadialog_program" value="27" description="" />
   <keyValuePair key="progressdialog_background" value="5" description="" />
   <keyValuePair key="progressdialog_cancel" value="2" description="" />
   <keyValuePair key="project_automatic_update_and_compile_order" value="2" description="" />
   <keyValuePair key="projectnamechooser_choose_project_location" value="4" description="" />
   <keyValuePair key="projectnamechooser_project_name" value="3" description="" />
   <keyValuePair key="projecttab_close_design" value="2" description="" />
   <keyValuePair key="projecttab_reload" value="8" description="" />
   <keyValuePair key="rdicommands_copy" value="1" description="" />
   <keyValuePair key="rdicommands_custom_commands" value="2" description="" />
   <keyValuePair key="rdicommands_delete" value="22" description="" />
   <keyValuePair key="rdicommands_find" value="1" description="" />
   <keyValuePair key="rdicommands_properties" value="4" description="" />
   <keyValuePair key="rdicommands_redo" value="1" description="" />
   <keyValuePair key="rdicommands_save_file" value="11" description="" />
   <keyValuePair key="rdicommands_undo" value="4" description="" />
   <keyValuePair key="rdicommands_waveform_save_configuration" value="3" description="" />
   <keyValuePair key="rdiviews_waveform_viewer" value="627" description="" />
   <keyValuePair key="removesourcesdialog_also_delete" value="3" description="" />
   <keyValuePair key="rsbexternalportproppanels_name" value="4" description="" />
   <keyValuePair key="saveprojectutils_cancel" value="1" description="" />
   <keyValuePair key="saveprojectutils_dont_save" value="8" description="" />
   <keyValuePair key="saveprojectutils_save" value="10" description="" />
   <keyValuePair key="schematicview_next_page" value="5" description="" />
   <keyValuePair key="schematicview_previous_page" value="5" description="" />
   <keyValuePair key="schematicview_regenerate" value="7" description="" />
   <keyValuePair key="schmenuandmouse_expand_cone" value="25" description="" />
   <keyValuePair key="schmenuandmouse_report_timing_through_selected_object" value="1" description="" />
   <keyValuePair key="schmenuandmouse_to_leaf_cells" value="1" description="" />
   <keyValuePair key="selectmenu_highlight" value="49" description="" />
   <keyValuePair key="selectmenu_mark" value="36" description="" />
   <keyValuePair key="simpleoutputproductdialog_close_dialog_unsaved_changes_will" value="1" description="" />
   <keyValuePair key="simpleoutputproductdialog_generate_output_products_immediately" value="1" description="" />
   <keyValuePair key="simulationliverunforcomp_specify_time_and_units" value="29" description="" />
   <keyValuePair key="simulationobjectspanel_simulation_objects_tree_table" value="377" description="" />
   <keyValuePair key="simulationscopespanel_simulate_scope_table" value="163" description="" />
   <keyValuePair key="srcchooserpanel_add_hdl_and_netlist_files_to_your_project" value="17" description="" />
   <keyValuePair key="srcchooserpanel_add_or_create_source_file" value="2" description="" />
   <keyValuePair key="srcchooserpanel_create_file" value="42" description="" />
   <keyValuePair key="srcchooserpanel_make_local_copy_of_these_files_into" value="2" description="" />
   <keyValuePair key="srcchoosertable_src_chooser_table" value="5" description="" />
   <keyValuePair key="srcmenu_ip_documentation" value="1" description="" />
   <keyValuePair key="srcmenu_ip_hierarchy" value="210" description="" />
   <keyValuePair key="srcmenu_open_selected_source_files" value="3" description="" />
   <keyValuePair key="srcmenu_refresh_hierarchy" value="22" description="" />
   <keyValuePair key="stalemoreaction_force_up_to_date" value="2" description="" />
   <keyValuePair key="stalemoreaction_out_of_date_details" value="3" description="" />
   <keyValuePair key="syntheticagettingstartedview_recent_projects" value="69" description="" />
   <keyValuePair key="syntheticastatemonitor_cancel" value="2" description="" />
   <keyValuePair key="systembuilderview_add_ip" value="4" description="" />
   <keyValuePair key="systembuilderview_orientation" value="3" description="" />
   <keyValuePair key="systembuilderview_pinning" value="10" description="" />
   <keyValuePair key="systemtreeview_system_tree" value="18" description="" />
   <keyValuePair key="taskbanner_close" value="185" description="" />
   <keyValuePair key="taskbanner_open_in_new_window" value="1" description="" />
   <keyValuePair key="tclconsoleview_clear_all_output_in_tcl_console" value="7" description="" />
   <keyValuePair key="tclconsoleview_copy" value="1" description="" />
   <keyValuePair key="tclconsoleview_tcl_console_code_editor" value="594" description="" />
   <keyValuePair key="tclfinddialog_result_name" value="2" description="" />
   <keyValuePair key="tclobjecttreetable_treetable" value="3" description="" />
   <keyValuePair key="timinggettingstartedpanel_report_timing_summary" value="1" description="" />
   <keyValuePair key="timingitemflattablepanel_table" value="69" description="" />
   <keyValuePair key="timingitemtreetablepanel_timing_item_tree_table" value="8" description="" />
   <keyValuePair key="topmoduledialog_auto_re_order_source_files" value="1" description="" />
   <keyValuePair key="topmoduledialog_select_top_module_of_your_design" value="1" description="" />
   <keyValuePair key="touchpointsurveydialog_no" value="1" description="" />
   <keyValuePair key="waveformnametree_waveform_name_tree" value="214" description="" />
   <keyValuePair key="waveformoptionsview_radix" value="2" description="" />
   <keyValuePair key="waveformview_goto_last_time" value="4" description="" />
   <keyValuePair key="waveformview_goto_time_0" value="19" description="" />
   <keyValuePair key="waveformview_next_transition" value="1427" description="" />
   <keyValuePair key="waveformview_previous_transition" value="520" description="" />
  </section>
  <section name="java_command_handlers" level="2" order="2" description="">
   <keyValuePair key="addcfgmem" value="2" description="" />
   <keyValuePair key="addsources" value="37" description="" />
   <keyValuePair key="autoconnectport" value="4" description="" />
   <keyValuePair key="autoconnecttarget" value="20" description="" />
   <keyValuePair key="closeproject" value="13" description="" />
   <keyValuePair key="createblockdesign" value="1" description="" />
   <keyValuePair key="customizersbblock" value="6" description="" />
   <keyValuePair key="editdelete" value="22" description="" />
   <keyValuePair key="editproperties" value="5" description="" />
   <keyValuePair key="editundo" value="18" description="" />
   <keyValuePair key="fileexit" value="57" description="" />
   <keyValuePair key="generateoutputforbdfile" value="1" description="" />
   <keyValuePair key="launchprogramfpga" value="27" description="" />
   <keyValuePair key="managecompositetargets" value="1" description="" />
   <keyValuePair key="movetosimset" value="1" description="" />
   <keyValuePair key="newiplocationhandler" value="1" description="" />
   <keyValuePair key="newproject" value="1" description="" />
   <keyValuePair key="openblockdesign" value="5" description="" />
   <keyValuePair key="openhardwaremanager" value="24" description="" />
   <keyValuePair key="openiplocationhandler" value="1" description="" />
   <keyValuePair key="openrecenttarget" value="1" description="" />
   <keyValuePair key="programdevice" value="2" description="" />
   <keyValuePair key="recustomizecore" value="1" description="" />
   <keyValuePair key="refreshdevice" value="4" description="" />
   <keyValuePair key="refreshrsbblock" value="1" description="" />
   <keyValuePair key="regeneratersblayout" value="70" description="" />
   <keyValuePair key="reportclocknetworks" value="1" description="" />
   <keyValuePair key="reporttiming" value="1" description="" />
   <keyValuePair key="reporttimingsummary" value="43" description="" />
   <keyValuePair key="reportutilization" value="3" description="" />
   <keyValuePair key="runbitgen" value="58" description="" />
   <keyValuePair key="runimplementation" value="17" description="" />
   <keyValuePair key="runschematic" value="13" description="" />
   <keyValuePair key="runsynthesis" value="79" description="" />
   <keyValuePair key="savefileproxyhandler" value="11" description="" />
   <keyValuePair key="saveprojectas" value="2" description="" />
   <keyValuePair key="saversbdesign" value="4" description="" />
   <keyValuePair key="settopnode" value="84" description="" />
   <keyValuePair key="showconnectivity" value="6" description="" />
   <keyValuePair key="showhierarchy" value="1" description="" />
   <keyValuePair key="showsource" value="6" description="" />
   <keyValuePair key="showview" value="15" description="" />
   <keyValuePair key="simulationbreak" value="3" description="" />
   <keyValuePair key="simulationclose" value="2" description="" />
   <keyValuePair key="simulationrelaunch" value="135" description="" />
   <keyValuePair key="simulationrun" value="118" description="" />
   <keyValuePair key="simulationrunall" value="2" description="" />
   <keyValuePair key="simulationrunfortime" value="235" description="" />
   <keyValuePair key="tclfind" value="3" description="" />
   <keyValuePair key="toggleviewnavigator" value="39" description="" />
   <keyValuePair key="toolssettings" value="1" description="" />
   <keyValuePair key="ui.views.c.h.e" value="1" description="" />
   <keyValuePair key="validatersbdesign" value="70" description="" />
   <keyValuePair key="viewtaskimplementation" value="1" description="" />
   <keyValuePair key="viewtaskrtlanalysis" value="16" description="" />
   <keyValuePair key="viewtasksynthesis" value="35" description="" />
   <keyValuePair key="waveformsaveconfiguration" value="6" description="" />
   <keyValuePair key="zoomin" value="78" description="" />
   <keyValuePair key="zoomout" value="32" description="" />
  </section>
  <section name="other_data" level="2" order="3" description="">
   <keyValuePair key="guimode" value="87" description="" />
  </section>
  <section name="project_data" level="2" order="4" description="">
   <keyValuePair key="constraintsetcount" value="1" description="" />
   <keyValuePair key="core_container" value="false" description="" />
   <keyValuePair key="currentimplrun" value="impl_1" description="" />
   <keyValuePair key="currentsynthesisrun" value="synth_1" description="" />
   <keyValuePair key="default_library" value="xil_defaultlib" description="" />
   <keyValuePair key="designmode" value="RTL" description="" />
   <keyValuePair key="export_simulation_activehdl" value="1" description="" />
   <keyValuePair key="export_simulation_ies" value="1" description="" />
   <keyValuePair key="export_simulation_modelsim" value="1" description="" />
   <keyValuePair key="export_simulation_questa" value="1" description="" />
   <keyValuePair key="export_simulation_riviera" value="1" description="" />
   <keyValuePair key="export_simulation_vcs" value="1" description="" />
   <keyValuePair key="export_simulation_xsim" value="1" description="" />
   <keyValuePair key="implstrategy" value="Vivado Implementation Defaults" description="" />
   <keyValuePair key="launch_simulation_activehdl" value="0" description="" />
   <keyValuePair key="launch_simulation_ies" value="0" description="" />
   <keyValuePair key="launch_simulation_modelsim" value="0" description="" />
   <keyValuePair key="launch_simulation_questa" value="0" description="" />
   <keyValuePair key="launch_simulation_riviera" value="0" description="" />
   <keyValuePair key="launch_simulation_vcs" value="0" description="" />
   <keyValuePair key="launch_simulation_xsim" value="683" description="" />
   <keyValuePair key="simulator_language" value="Mixed" description="" />
   <keyValuePair key="srcsetcount" value="22" description="" />
   <keyValuePair key="synthesisstrategy" value="Vivado Synthesis Defaults" description="" />
   <keyValuePair key="target_language" value="Verilog" description="" />
   <keyValuePair key="target_simulator" value="XSim" description="" />
   <keyValuePair key="totalimplruns" value="3" description="" />
   <keyValuePair key="totalsynthesisruns" value="3" description="" />
  </section>
 </section>
 <section name="xsim" level="1" order="10" description="">
  <section name="command_line_options" level="2" order="1" description="">
   <keyValuePair key="-sim_mode" value="default::behavioral" description="" />
   <keyValuePair key="-sim_type" value="default::" description="" />
  </section>
 </section>
</section>
</webTalkData>
